crop_id,crop_filename,original_file_name,total_gt,total_predictions,fp_count,fn_count,total_errors,fp_categories,fn_categories
1500,PMC6605063_14_table0.jpg,PMC6605063_14.jpg,43,40,38,41,79,"table column, table column, table column, table column, table column, table column, table column, table column, table column, table column, table column, table column, table column, table column, table row, table row, table column, table column, table column, table column, table column, table column, table row, table row, table column, table row, table column, table row, table row, table column, table row, table column, table column, table column, table column, table row, table row, table row","table column header, table row, table row, table row, table row, table row, table row, table row, table row, table row, table row, table row, table row, table row, table row, table row, table row, table row, table row, table row, table row, table row, table row, table row, table row, table row, table row, table row, table row, table column, table column, table column, table column, table column, table column, table column, table column, table column, table column, table column, table column"
1450,PMC6145301_2_table0.jpg,PMC6145301_2.jpg,35,25,21,31,52,"table row, table column, table row, table column, table column, table column, table column, table column, table column, table row, table column, table column, table column, table row, table row, table column, table row, table column, table column, table column, table column","table spanning cell, table spanning cell, table spanning cell, table spanning cell, table spanning cell, table spanning cell, table spanning cell, table spanning cell, table row, table row, table row, table row, table row, table row, table row, table row, table row, table row, table row, table row, table row, table row, table row, table row, table row, table column, table column, table column, table column, table column, table column"
1468,PMC6181431_3_table0.jpg,PMC6181431_3.jpg,50,42,20,28,48,"table column, table column, table column, table column, table column, table column, table column, table row, table row, table row, table row, table row, table column, table column, table column, table spanning cell, table row, table row, table row, table column","table row, table row, table row, table row, table row, table row, table row, table row, table row, table row, table row, table row, table row, table row, table row, table row, table row, table row, table row, table column, table column, table column, table column, table column, table column, table column, table column, table column"
1498,PMC6394539_12_table0.jpg,PMC6394539_12.jpg,31,20,18,29,47,"table column, table column, table column, table column, table column, table column, table column, table column, table column, table column, table column, table row, table row, table column, table column, table column, table column, table column","table spanning cell, table spanning cell, table column header, table row, table row, table row, table row, table row, table row, table row, table row, table row, table row, table row, table row, table row, table row, table row, table row, table row, table row, table row, table row, table row, table row, table column, table column, table column, table column"
1365,PMC6033345_2_table0.jpg,PMC6033345_2.jpg,18,45,32,5,37,"table row, table row, table row, table row, table row, table row, table row, table row, table row, table row, table row, table row, table row, table row, table row, table projected row header, table row, table projected row header, table row, table projected row header, table row, table row, table projected row header, table row, table row, table row, table row, table row, table row, table row, table projected row header, table projected row header","table row, table row, table row, table row, table row"
111,PMC2442064_8_table0.jpg,PMC2442064_8.jpg,68,66,17,19,36,"table row, table row, table column header, table row, table projected row header, table column, table row, table row, table row, table row, table row, table projected row header, table row, table spanning cell, table spanning cell, table row, table row","table projected row header, table projected row header, table projected row header, table row, table row, table row, table row, table row, table row, table row, table row, table row, table row, table row, table row, table row, table row, table row, table column"
1380,PMC6059078_3_table0.jpg,PMC6059078_3.jpg,56,37,8,27,35,"table row, table row, table row, table row, table row, table row, table row, table row","table spanning cell, table spanning cell, table spanning cell, table spanning cell, table spanning cell, table spanning cell, table spanning cell, table spanning cell, table spanning cell, table spanning cell, table spanning cell, table row, table row, table row, table row, table row, table row, table row, table row, table row, table row, table row, table row, table row, table row, table row, table row"
470,PMC3514816_4_table0.jpg,PMC3514816_4.jpg,25,12,10,23,33,"table column, table row, table column, table row, table row, table row, table row, table row, table row, table row","table column header, table row, table row, table row, table row, table row, table row, table row, table row, table row, table column, table column, table column, table column, table column, table column, table column, table column, table column, table column, table column, table column, table column"
1497,PMC6373050_4_table0.jpg,PMC6373050_4.jpg,20,11,11,20,31,"table row, table row, table row, table row, table row, table column, table column, table row, table column, table row, table column","table column header, table row, table row, table row, table column, table column, table column, table column, table column, table column, table column, table column, table column, table column, table column, table column, table column, table column, table column, table column"
360,PMC3253089_10_table0.jpg,PMC3253089_10.jpg,21,19,13,15,28,"table column, table column, table column, table row, table row, table column, table row, table row, table column, table column, table row, table column, table column","table column header, table row, table row, table row, table row, table row, table row, table row, table column, table column, table column, table column, table column, table column, table column"
712,PMC4474327_3_table0.jpg,PMC4474327_3.jpg,65,61,12,16,28,"table spanning cell, table spanning cell, table spanning cell, table spanning cell, table spanning cell, table spanning cell, table spanning cell, table spanning cell, table spanning cell, table spanning cell, table spanning cell, table spanning cell","table spanning cell, table spanning cell, table spanning cell, table spanning cell, table spanning cell, table spanning cell, table spanning cell, table spanning cell, table spanning cell, table spanning cell, table spanning cell, table spanning cell, table spanning cell, table spanning cell, table spanning cell, table row"
1153,PMC5697070_4_table0.jpg,PMC5697070_4.jpg,12,15,15,12,27,"table column, table column, table column, table column, table column, table column, table row, table column, table column, table column, table column, table column, table row, table column, table column","table column header, table row, table row, table row, table row, table row, table row, table row, table row, table column, table column, table column"
802,PMC4589084_5_table0.jpg,PMC4589084_5.jpg,72,71,12,13,25,"table spanning cell, table spanning cell, table spanning cell, table spanning cell, table spanning cell, table spanning cell, table spanning cell, table spanning cell, table spanning cell, table spanning cell, table spanning cell, table spanning cell","table spanning cell, table spanning cell, table spanning cell, table spanning cell, table spanning cell, table spanning cell, table spanning cell, table spanning cell, table spanning cell, table spanning cell, table spanning cell, table spanning cell, table row"
1379,PMC6054865_6_table0.jpg,PMC6054865_6.jpg,21,8,6,19,25,"table row, table column, table column, table row, table row, table row","table spanning cell, table column header, table row, table row, table row, table row, table row, table column, table column, table column, table column, table column, table column, table column, table column, table column, table column, table column, table column"
413,PMC3372454_5_table1.jpg,PMC3372454_5.jpg,58,60,13,11,24,"table row, table row, table row, table row, table row, table row, table row, table spanning cell, table row, table spanning cell, table row, table row, table row","table spanning cell, table row, table row, table row, table row, table row, table row, table row, table row, table row, table row"
969,PMC4893049_3_table0.jpg,PMC4893049_3.jpg,73,73,11,11,22,"table row, table row, table row, table row, table projected row header, table row, table row, table projected row header, table row, table row, table row","table projected row header, table row, table row, table row, table row, table row, table row, table row, table row, table row, table row"
1296,PMC5911600_3_table0.jpg,PMC5911600_3.jpg,49,60,16,5,21,"table row, table row, table row, table row, table row, table projected row header, table row, table row, table projected row header, table projected row header, table projected row header, table projected row header, table projected row header, table row, table row, table row","table projected row header, table row, table row, table row, table row"
816,PMC4619528_2_table0.jpg,PMC4619528_2.jpg,91,78,4,17,21,"table spanning cell, table spanning cell, table spanning cell, table spanning cell","table spanning cell, table spanning cell, table spanning cell, table spanning cell, table spanning cell, table spanning cell, table spanning cell, table spanning cell, table spanning cell, table spanning cell, table spanning cell, table spanning cell, table spanning cell, table spanning cell, table spanning cell, table spanning cell, table spanning cell"
320,PMC3170641_5_table1.jpg,PMC3170641_5.jpg,58,52,7,13,20,"table row, table row, table row, table row, table row, table row, table row","table projected row header, table row, table row, table row, table row, table row, table row, table row, table row, table row, table row, table row, table row"
1499,PMC6417214_7_table0.jpg,PMC6417214_7.jpg,12,10,9,11,20,"table column, table column, table column, table column, table column, table column, table column, table column, table column","table spanning cell, table column header, table row, table row, table row, table row, table row, table row, table column, table column, table column"
304,PMC3144009_5_table0.jpg,PMC3144009_5.jpg,36,37,10,9,19,"table row, table row, table row, table row, table row, table row, table row, table row, table projected row header, table row","table row, table row, table row, table row, table row, table row, table row, table row, table row"
353,PMC3239378_3_table0.jpg,PMC3239378_3.jpg,35,22,3,16,19,"table column header, table spanning cell, table spanning cell","table spanning cell, table spanning cell, table spanning cell, table spanning cell, table spanning cell, table spanning cell, table spanning cell, table spanning cell, table spanning cell, table spanning cell, table spanning cell, table spanning cell, table spanning cell, table spanning cell, table column header, table column"
702,PMC4456047_12_table0.jpg,PMC4456047_12.jpg,46,61,17,2,19,"table spanning cell, table spanning cell, table spanning cell, table spanning cell, table spanning cell, table spanning cell, table spanning cell, table spanning cell, table spanning cell, table spanning cell, table spanning cell, table spanning cell, table spanning cell, table spanning cell, table spanning cell, table spanning cell, table spanning cell","table spanning cell, table spanning cell"
1051,PMC5045600_5_table0.jpg,PMC5045600_5.jpg,74,69,7,12,19,"table row, table row, table row, table row, table row, table row, table row","table spanning cell, table spanning cell, table spanning cell, table spanning cell, table spanning cell, table spanning cell, table row, table row, table row, table row, table row, table row"
137,PMC2680029_3_table0.jpg,PMC2680029_3.jpg,49,49,9,9,18,"table row, table row, table row, table row, table row, table row, table row, table row, table row","table row, table row, table row, table row, table row, table row, table row, table row, table row"
567,PMC3655930_4_table0.jpg,PMC3655930_4.jpg,69,67,8,10,18,"table spanning cell, table row, table spanning cell, table spanning cell, table row, table row, table row, table row","table spanning cell, table spanning cell, table spanning cell, table spanning cell, table row, table row, table row, table row, table row, table row"
341,PMC3206415_3_table0.jpg,PMC3206415_3.jpg,24,34,14,4,18,"table row, table row, table row, table row, table spanning cell, table row, table spanning cell, table row, table row, table spanning cell, table spanning cell, table row, table spanning cell, table spanning cell","table row, table row, table row, table row"
735,PMC4501166_6_table0.jpg,PMC4501166_6.jpg,49,49,9,9,18,"table row, table row, table row, table row, table row, table row, table row, table row, table row","table row, table row, table row, table row, table row, table row, table row, table row, table row"
808,PMC4600311_3_table0.jpg,PMC4600311_3.jpg,69,58,3,14,17,"table spanning cell, table column header, table spanning cell","table spanning cell, table spanning cell, table spanning cell, table spanning cell, table spanning cell, table spanning cell, table spanning cell, table spanning cell, table spanning cell, table spanning cell, table spanning cell, table spanning cell, table spanning cell, table column header"
1130,PMC5667987_3_table1.jpg,PMC5667987_3.jpg,46,37,4,13,17,"table spanning cell, table spanning cell, table spanning cell, table spanning cell","table spanning cell, table spanning cell, table spanning cell, table spanning cell, table spanning cell, table spanning cell, table spanning cell, table spanning cell, table spanning cell, table spanning cell, table spanning cell, table spanning cell, table spanning cell"
1442,PMC6137114_2_table0.jpg,PMC6137114_2.jpg,71,62,4,13,17,"table row, table row, table row, table row","table spanning cell, table spanning cell, table spanning cell, table spanning cell, table spanning cell, table spanning cell, table spanning cell, table spanning cell, table spanning cell, table spanning cell, table spanning cell, table row, table row"
1407,PMC6090681_2_table0.jpg,PMC6090681_2.jpg,55,56,9,8,17,"table row, table row, table row, table projected row header, table row, table row, table row, table row, table row","table row, table row, table row, table row, table row, table row, table row, table row"
87,PMC2265544_2_table0.jpg,PMC2265544_2.jpg,62,69,12,5,17,"table spanning cell, table spanning cell, table row, table row, table row, table spanning cell, table row, table row, table row, table spanning cell, table row, table row","table row, table row, table row, table row, table row"
566,PMC3655793_4_table0.jpg,PMC3655793_4.jpg,73,72,8,9,17,"table spanning cell, table spanning cell, table row, table row, table row, table row, table row, table row","table spanning cell, table spanning cell, table row, table row, table row, table row, table row, table row, table row"
1486,PMC6204969_4_table0.jpg,PMC6204969_4.jpg,64,67,10,7,17,"table row, table row, table row, table row, table row, table row, table projected row header, table row, table row, table row","table row, table row, table row, table row, table row, table row, table row"
1478,PMC6191270_8_table0.jpg,PMC6191270_8.jpg,73,66,5,12,17,"table row, table row, table row, table row, table row","table spanning cell, table spanning cell, table spanning cell, table spanning cell, table spanning cell, table spanning cell, table spanning cell, table row, table row, table row, table row, table row"
558,PMC3646697_4_table0.jpg,PMC3646697_4.jpg,36,34,7,9,16,"table row, table row, table row, table row, table row, table row, table row","table projected row header, table row, table row, table row, table row, table row, table row, table row, table row"
1056,PMC5052791_4_table0.jpg,PMC5052791_4.jpg,56,40,0,16,16,,"table spanning cell, table spanning cell, table spanning cell, table spanning cell, table spanning cell, table spanning cell, table spanning cell, table spanning cell, table spanning cell, table spanning cell, table spanning cell, table spanning cell, table spanning cell, table spanning cell, table spanning cell, table spanning cell"
454,PMC3465109_5_table0.jpg,PMC3465109_5.jpg,33,31,7,9,16,"table spanning cell, table spanning cell, table spanning cell, table spanning cell, table spanning cell, table column header, table spanning cell","table spanning cell, table spanning cell, table spanning cell, table spanning cell, table spanning cell, table spanning cell, table spanning cell, table spanning cell, table column header"
860,PMC4683290_2_table0.jpg,PMC4683290_2.jpg,59,60,8,7,15,"table row, table projected row header, table projected row header, table row, table row, table row, table row, table row","table row, table row, table row, table row, table row, table row, table row"
1066,PMC5071778_3_table0.jpg,PMC5071778_3.jpg,14,19,10,5,15,"table row, table row, table row, table row, table spanning cell, table row, table row, table row, table row, table spanning cell","table spanning cell, table spanning cell, table row, table row, table row"
217,PMC2956709_15_table0.jpg,PMC2956709_15.jpg,45,36,3,12,15,"table spanning cell, table spanning cell, table spanning cell","table spanning cell, table spanning cell, table spanning cell, table spanning cell, table spanning cell, table spanning cell, table spanning cell, table spanning cell, table spanning cell, table spanning cell, table spanning cell, table spanning cell"
1409,PMC6093114_5_table0.jpg,PMC6093114_5.jpg,60,60,7,7,14,"table row, table row, table row, table row, table row, table row, table row","table projected row header, table row, table row, table row, table row, table row, table row"
391,PMC3311443_2_table0.jpg,PMC3311443_2.jpg,20,10,2,12,14,"table row, table row","table spanning cell, table spanning cell, table spanning cell, table spanning cell, table spanning cell, table row, table row, table row, table row, table row, table row, table row"
734,PMC4500400_7_table0.jpg,PMC4500400_7.jpg,65,66,7,6,13,"table spanning cell, table row, table spanning cell, table spanning cell, table row, table row, table row","table spanning cell, table spanning cell, table spanning cell, table spanning cell, table row, table row"
1485,PMC6202756_7_table0.jpg,PMC6202756_7.jpg,48,49,7,6,13,"table row, table row, table row, table row, table row, table row, table row","table row, table row, table row, table row, table row, table row"
138,PMC2682797_8_table0.jpg,PMC2682797_8.jpg,52,49,5,8,13,"table spanning cell, table spanning cell, table spanning cell, table spanning cell, table spanning cell","table spanning cell, table spanning cell, table spanning cell, table spanning cell, table spanning cell, table spanning cell, table spanning cell, table spanning cell"
1484,PMC6200215_7_table0.jpg,PMC6200215_7.jpg,52,61,11,2,13,"table spanning cell, table spanning cell, table spanning cell, table spanning cell, table spanning cell, table spanning cell, table row, table spanning cell, table spanning cell, table row, table projected row header","table row, table row"
375,PMC3286258_4_table0.jpg,PMC3286258_4.jpg,32,42,11,1,12,"table spanning cell, table spanning cell, table spanning cell, table column header, table spanning cell, table spanning cell, table spanning cell, table spanning cell, table spanning cell, table spanning cell, table spanning cell",table row
421,PMC3396620_7_table0.jpg,PMC3396620_7.jpg,60,60,6,6,12,"table row, table row, table row, table row, table row, table row","table row, table row, table row, table row, table row, table row"
348,PMC3225883_7_table0.jpg,PMC3225883_7.jpg,46,46,6,6,12,"table row, table row, table row, table row, table row, table row","table row, table row, table row, table row, table row, table row"
277,PMC3098793_2_table0.jpg,PMC3098793_2.jpg,57,59,7,5,12,"table row, table row, table row, table row, table row, table row, table row","table row, table row, table row, table row, table row"
486,PMC3547735_2_table0.jpg,PMC3547735_2.jpg,39,33,3,9,12,"table spanning cell, table spanning cell, table spanning cell","table spanning cell, table spanning cell, table spanning cell, table spanning cell, table spanning cell, table spanning cell, table spanning cell, table spanning cell, table spanning cell"
150,PMC2709479_2_table0.jpg,PMC2709479_2.jpg,7,17,11,1,12,"table row, table projected row header, table row, table row, table row, table row, table row, table row, table row, table row, table projected row header",table row
1448,PMC6142699_2_table0.jpg,PMC6142699_2.jpg,62,50,0,12,12,,"table spanning cell, table spanning cell, table spanning cell, table spanning cell, table spanning cell, table spanning cell, table spanning cell, table spanning cell, table spanning cell, table spanning cell, table spanning cell, table spanning cell"
1148,PMC5693913_8_table1.jpg,PMC5693913_8.jpg,34,40,9,3,12,"table row, table row, table row, table row, table row, table row, table projected row header, table projected row header, table projected row header","table row, table row, table row"
1364,PMC6031173_2_table0.jpg,PMC6031173_2.jpg,49,51,7,5,12,"table row, table row, table row, table row, table row, table row, table row","table row, table row, table row, table row, table row"
283,PMC3105103_5_table1.jpg,PMC3105103_5.jpg,29,23,3,9,12,"table spanning cell, table spanning cell, table spanning cell","table spanning cell, table spanning cell, table spanning cell, table spanning cell, table spanning cell, table spanning cell, table spanning cell, table spanning cell, table spanning cell"
1159,PMC5709977_3_table0.jpg,PMC5709977_3.jpg,43,32,0,11,11,,"table spanning cell, table spanning cell, table spanning cell, table spanning cell, table spanning cell, table spanning cell, table spanning cell, table spanning cell, table spanning cell, table spanning cell, table spanning cell"
921,PMC4826170_2_table0.jpg,PMC4826170_2.jpg,54,55,6,5,11,"table row, table row, table row, table row, table row, table row","table row, table row, table row, table row, table row"
1065,PMC5071369_5_table0.jpg,PMC5071369_5.jpg,58,61,7,4,11,"table row, table row, table row, table row, table row, table row, table row","table row, table row, table row, table row"
1049,PMC5041294_4_table0.jpg,PMC5041294_4.jpg,51,52,6,5,11,"table row, table row, table row, table row, table row, table row","table row, table row, table row, table row, table row"
769,PMC4546275_3_table0.jpg,PMC4546275_3.jpg,60,49,0,11,11,,"table spanning cell, table spanning cell, table spanning cell, table spanning cell, table spanning cell, table spanning cell, table spanning cell, table spanning cell, table spanning cell, table spanning cell, table spanning cell"
500,PMC3561273_3_table0.jpg,PMC3561273_3.jpg,61,59,4,6,10,"table row, table row, table row, table row","table row, table row, table row, table row, table row, table row"
20,PMC1436013_5_table0.jpg,PMC1436013_5.jpg,51,51,5,5,10,"table row, table row, table row, table row, table row","table projected row header, table row, table row, table row, table row"
1459,PMC6162920_7_table0.jpg,PMC6162920_7.jpg,29,23,2,8,10,"table spanning cell, table spanning cell","table spanning cell, table spanning cell, table spanning cell, table spanning cell, table spanning cell, table spanning cell, table spanning cell, table spanning cell"
601,PMC3693978_3_table0.jpg,PMC3693978_3.jpg,51,53,6,4,10,"table row, table row, table row, table row, table row, table row","table row, table row, table row, table row"
532,PMC3606334_2_table0.jpg,PMC3606334_2.jpg,46,46,5,5,10,"table row, table row, table row, table row, table row","table row, table row, table row, table row, table row"
474,PMC3517311_8_table0.jpg,PMC3517311_8.jpg,60,59,4,5,9,"table spanning cell, table spanning cell, table spanning cell, table spanning cell","table spanning cell, table spanning cell, table spanning cell, table spanning cell, table spanning cell"
1061,PMC5064398_3_table0.jpg,PMC5064398_3.jpg,77,74,3,6,9,"table spanning cell, table spanning cell, table spanning cell","table spanning cell, table spanning cell, table spanning cell, table spanning cell, table spanning cell, table spanning cell"
861,PMC4683841_2_table0.jpg,PMC4683841_2.jpg,49,56,8,1,9,"table spanning cell, table spanning cell, table spanning cell, table spanning cell, table spanning cell, table spanning cell, table spanning cell, table spanning cell",table spanning cell
904,PMC4791754_2_table0.jpg,PMC4791754_2.jpg,29,28,4,5,9,"table row, table row, table row, table row","table projected row header, table row, table row, table row, table row"
937,PMC4848544_6_table0.jpg,PMC4848544_6.jpg,61,62,5,4,9,"table row, table row, table row, table row, table row","table row, table row, table row, table row"
479,PMC3532184_2_table0.jpg,PMC3532184_2.jpg,45,44,4,5,9,"table row, table row, table row, table row","table row, table row, table row, table row, table row"
1300,PMC5927091_3_table0.jpg,PMC5927091_3.jpg,14,6,0,8,8,,"table spanning cell, table row, table row, table row, table row, table row, table row, table row"
130,PMC2645373_5_table0.jpg,PMC2645373_5.jpg,43,43,4,4,8,"table spanning cell, table spanning cell, table spanning cell, table spanning cell","table row, table row, table row, table row"
100,PMC2359748_6_table0.jpg,PMC2359748_6.jpg,41,35,1,7,8,table spanning cell,"table spanning cell, table spanning cell, table spanning cell, table spanning cell, table spanning cell, table spanning cell, table spanning cell"
1001,PMC4950081_3_table0.jpg,PMC4950081_3.jpg,59,59,4,4,8,"table row, table row, table row, table row","table row, table row, table row, table row"
1208,PMC5766705_6_table0.jpg,PMC5766705_6.jpg,20,12,0,8,8,,"table spanning cell, table spanning cell, table spanning cell, table spanning cell, table spanning cell, table spanning cell, table spanning cell, table row"
263,PMC3066217_3_table0.jpg,PMC3066217_3.jpg,47,43,2,6,8,"table spanning cell, table spanning cell","table spanning cell, table spanning cell, table spanning cell, table spanning cell, table spanning cell, table spanning cell"
1212,PMC5770490_11_table0.jpg,PMC5770490_11.jpg,52,52,4,4,8,"table row, table row, table row, table row","table projected row header, table row, table row, table row"
1053,PMC5047590_18_table0.jpg,PMC5047590_18.jpg,48,44,2,6,8,"table projected row header, table projected row header","table row, table row, table row, table row, table row, table row"
93,PMC2277383_3_table1.jpg,PMC2277383_3.jpg,23,15,0,8,8,,"table spanning cell, table spanning cell, table spanning cell, table spanning cell, table spanning cell, table spanning cell, table spanning cell, table row"
496,PMC3557223_6_table0.jpg,PMC3557223_6.jpg,38,42,6,2,8,"table spanning cell, table spanning cell, table spanning cell, table spanning cell, table spanning cell, table column header","table row, table row"
718,PMC4483231_6_table0.jpg,PMC4483231_6.jpg,48,48,4,4,8,"table spanning cell, table spanning cell, table spanning cell, table spanning cell","table spanning cell, table spanning cell, table spanning cell, table spanning cell"
575,PMC3663737_3_table0.jpg,PMC3663737_3.jpg,58,60,5,3,8,"table row, table row, table spanning cell, table row, table row","table row, table row, table row"
1205,PMC5765329_2_table0.jpg,PMC5765329_2.jpg,11,12,4,3,7,"table column, table column, table column, table column header","table row, table column, table column"
1182,PMC5739442_6_table0.jpg,PMC5739442_6.jpg,55,54,3,4,7,"table row, table row, table row","table row, table row, table row, table row"
269,PMC3084796_4_table0.jpg,PMC3084796_4.jpg,57,56,3,4,7,"table row, table row, table row","table spanning cell, table row, table row, table row"
930,PMC4837569_9_table0.jpg,PMC4837569_9.jpg,47,52,6,1,7,"table spanning cell, table spanning cell, table spanning cell, table spanning cell, table spanning cell, table spanning cell",table row
633,PMC4366231_5_table0.jpg,PMC4366231_5.jpg,14,9,1,6,7,table row,"table spanning cell, table spanning cell, table spanning cell, table spanning cell, table row, table row"
381,PMC3292471_4_table0.jpg,PMC3292471_4.jpg,38,39,4,3,7,"table spanning cell, table column header, table spanning cell, table spanning cell","table spanning cell, table spanning cell, table column header"
811,PMC4607166_5_table0.jpg,PMC4607166_5.jpg,30,31,4,3,7,"table spanning cell, table spanning cell, table column header, table spanning cell","table spanning cell, table spanning cell, table spanning cell"
848,PMC4665516_11_table0.jpg,PMC4665516_11.jpg,32,27,1,6,7,table column header,"table spanning cell, table spanning cell, table spanning cell, table spanning cell, table row, table row"
476,PMC3520938_1_table0.jpg,PMC3520938_1.jpg,52,51,3,4,7,"table row, table row, table row","table row, table row, table row, table row"
595,PMC3686670_4_table0.jpg,PMC3686670_4.jpg,45,38,0,7,7,,"table spanning cell, table spanning cell, table spanning cell, table spanning cell, table spanning cell, table spanning cell, table spanning cell"
564,PMC3651089_2_table0.jpg,PMC3651089_2.jpg,63,64,4,3,7,"table row, table row, table row, table row","table row, table row, table row"
653,PMC4391833_7_table0.jpg,PMC4391833_7.jpg,22,29,7,0,7,"table spanning cell, table spanning cell, table spanning cell, table spanning cell, table spanning cell, table spanning cell, table spanning cell",
664,PMC4406518_6_table0.jpg,PMC4406518_6.jpg,15,11,1,5,6,table row,"table spanning cell, table spanning cell, table row, table row, table row"
1460,PMC6166610_4_table0.jpg,PMC6166610_4.jpg,44,44,3,3,6,"table row, table row, table row","table row, table row, table row"
226,PMC2988041_5_table0.jpg,PMC2988041_5.jpg,27,23,1,5,6,table column header,"table spanning cell, table spanning cell, table spanning cell, table spanning cell, table column header"
782,PMC4565575_9_table0.jpg,PMC4565575_9.jpg,27,23,1,5,6,table spanning cell,"table spanning cell, table spanning cell, table spanning cell, table spanning cell, table spanning cell"
1139,PMC5677423_7_table0.jpg,PMC5677423_7.jpg,36,32,1,5,6,table spanning cell,"table spanning cell, table spanning cell, table spanning cell, table spanning cell, table spanning cell"
899,PMC4788938_3_table0.jpg,PMC4788938_3.jpg,64,58,0,6,6,,"table spanning cell, table spanning cell, table spanning cell, table spanning cell, table spanning cell, table spanning cell"
429,PMC3415160_3_table0.jpg,PMC3415160_3.jpg,28,24,1,5,6,table spanning cell,"table spanning cell, table spanning cell, table spanning cell, table spanning cell, table spanning cell"
1210,PMC5766705_6_table2.jpg,PMC5766705_6.jpg,20,14,0,6,6,,"table spanning cell, table spanning cell, table spanning cell, table spanning cell, table spanning cell, table spanning cell"
1193,PMC5746724_4_table0.jpg,PMC5746724_4.jpg,8,12,5,1,6,"table column, table spanning cell, table row, table row, table column header",table row
282,PMC3105103_5_table0.jpg,PMC3105103_5.jpg,31,37,6,0,6,"table projected row header, table row, table row, table row, table projected row header, table projected row header",
1250,PMC5830485_8_table0.jpg,PMC5830485_8.jpg,14,18,5,1,6,"table spanning cell, table spanning cell, table spanning cell, table spanning cell, table column header",table row
1009,PMC4977691_3_table0.jpg,PMC4977691_3.jpg,45,41,1,5,6,table row,"table spanning cell, table spanning cell, table projected row header, table spanning cell, table row"
1349,PMC5999065_7_table0.jpg,PMC5999065_7.jpg,42,36,0,6,6,,"table spanning cell, table spanning cell, table spanning cell, table spanning cell, table spanning cell, table spanning cell"
1350,PMC6001561_5_table0.jpg,PMC6001561_5.jpg,59,61,4,2,6,"table row, table row, table row, table row","table row, table row"
875,PMC4718617_6_table0.jpg,PMC4718617_6.jpg,42,43,3,2,5,"table column header, table row, table row","table row, table row"
690,PMC4448314_3_table0.jpg,PMC4448314_3.jpg,47,44,1,4,5,table column header,"table spanning cell, table spanning cell, table spanning cell, table column header"
510,PMC3574019_4_table0.jpg,PMC3574019_4.jpg,35,30,0,5,5,,"table spanning cell, table spanning cell, table spanning cell, table spanning cell, table spanning cell"
157,PMC2745380_1_table0.jpg,PMC2745380_1.jpg,53,50,1,4,5,table spanning cell,"table spanning cell, table spanning cell, table spanning cell, table spanning cell"
599,PMC3689840_4_table1.jpg,PMC3689840_4.jpg,29,32,4,1,5,"table spanning cell, table spanning cell, table spanning cell, table spanning cell",table spanning cell
1028,PMC5004268_3_table0.jpg,PMC5004268_3.jpg,59,54,0,5,5,,"table spanning cell, table spanning cell, table spanning cell, table spanning cell, table spanning cell"
1495,PMC6232255_5_table0.jpg,PMC6232255_5.jpg,43,40,1,4,5,table row,"table row, table row, table row, table row"
1289,PMC5899338_4_table0.jpg,PMC5899338_4.jpg,20,23,4,1,5,"table spanning cell, table spanning cell, table spanning cell, table spanning cell",table spanning cell
352,PMC3236301_4_table0.jpg,PMC3236301_4.jpg,46,51,5,0,5,"table row, table spanning cell, table spanning cell, table spanning cell, table spanning cell",
842,PMC4648527_9_table0.jpg,PMC4648527_9.jpg,34,31,1,4,5,table spanning cell,"table spanning cell, table spanning cell, table spanning cell, table spanning cell"
856,PMC4676887_6_table0.jpg,PMC4676887_6.jpg,55,50,0,5,5,,"table spanning cell, table spanning cell, table spanning cell, table spanning cell, table spanning cell"
386,PMC3305670_5_table0.jpg,PMC3305670_5.jpg,40,37,1,4,5,table spanning cell,"table spanning cell, table spanning cell, table spanning cell, table spanning cell"
378,PMC3287897_4_table0.jpg,PMC3287897_4.jpg,43,40,1,4,5,table column header,"table spanning cell, table spanning cell, table spanning cell, table column header"
1311,PMC5944204_6_table0.jpg,PMC5944204_6.jpg,23,18,0,5,5,,"table spanning cell, table spanning cell, table spanning cell, table spanning cell, table row"
27,PMC1533842_13_table0.jpg,PMC1533842_13.jpg,55,54,2,3,5,"table spanning cell, table spanning cell","table spanning cell, table spanning cell, table spanning cell"
41,PMC1779425_2_table0.jpg,PMC1779425_2.jpg,19,24,5,0,5,"table spanning cell, table spanning cell, table spanning cell, table spanning cell, table spanning cell",
544,PMC3635934_3_table0.jpg,PMC3635934_3.jpg,24,21,1,4,5,table spanning cell,"table spanning cell, table spanning cell, table spanning cell, table spanning cell"
1369,PMC6039546_7_table0.jpg,PMC6039546_7.jpg,31,34,4,1,5,"table column header, table spanning cell, table spanning cell, table spanning cell",table row
733,PMC4499940_6_table0.jpg,PMC4499940_6.jpg,41,37,0,4,4,,"table spanning cell, table spanning cell, table spanning cell, table spanning cell"
1471,PMC6182745_4_table0.jpg,PMC6182745_4.jpg,28,24,0,4,4,,"table spanning cell, table spanning cell, table spanning cell, table spanning cell"
187,PMC2886053_3_table1.jpg,PMC2886053_3.jpg,32,32,2,2,4,"table spanning cell, table spanning cell","table row, table row"
186,PMC2886053_3_table0.jpg,PMC2886053_3.jpg,32,32,2,2,4,"table spanning cell, table spanning cell","table row, table row"
672,PMC4423864_5_table0.jpg,PMC4423864_5.jpg,33,29,0,4,4,,"table spanning cell, table spanning cell, table spanning cell, table spanning cell"
628,PMC4362831_3_table1.jpg,PMC4362831_3.jpg,31,35,4,0,4,"table spanning cell, table spanning cell, table spanning cell, table spanning cell",
97,PMC2323003_1_table0.jpg,PMC2323003_1.jpg,41,41,2,2,4,"table spanning cell, table spanning cell","table spanning cell, table row"
792,PMC4578783_1_table0.jpg,PMC4578783_1.jpg,45,45,2,2,4,"table row, table row","table row, table row"
1008,PMC4970544_1_table0.jpg,PMC4970544_1.jpg,18,14,0,4,4,,"table spanning cell, table row, table row, table row"
407,PMC3352900_3_table0.jpg,PMC3352900_3.jpg,23,25,3,1,4,"table column header, table column, table column",table column
926,PMC4833192_5_table0.jpg,PMC4833192_5.jpg,18,16,1,3,4,table row,"table row, table row, table row"
980,PMC4909709_0_table0.jpg,PMC4909709_0.jpg,13,15,3,1,4,"table row, table row, table spanning cell",table row
392,PMC3312360_7_table0.jpg,PMC3312360_7.jpg,26,24,1,3,4,table row,"table projected row header, table row, table row"
997,PMC4947843_2_table0.jpg,PMC4947843_2.jpg,44,48,4,0,4,"table spanning cell, table spanning cell, table spanning cell, table spanning cell",
944,PMC4855710_3_table0.jpg,PMC4855710_3.jpg,45,47,3,1,4,"table spanning cell, table spanning cell, table spanning cell",table row
286,PMC3107482_4_table0.jpg,PMC3107482_4.jpg,41,39,1,3,4,table column header,"table spanning cell, table spanning cell, table spanning cell"
1363,PMC6030397_7_table0.jpg,PMC6030397_7.jpg,8,10,3,1,4,"table row, table row, table spanning cell",table row
1292,PMC5907292_2_table0.jpg,PMC5907292_2.jpg,44,46,3,1,4,"table spanning cell, table spanning cell, table spanning cell",table spanning cell
79,PMC2206008_3_table0.jpg,PMC2206008_3.jpg,32,28,0,4,4,,"table spanning cell, table spanning cell, table spanning cell, table spanning cell"
1224,PMC5796570_4_table0.jpg,PMC5796570_4.jpg,27,23,0,4,4,,"table spanning cell, table spanning cell, table spanning cell, table spanning cell"
1302,PMC5932863_6_table0.jpg,PMC5932863_6.jpg,44,40,0,4,4,,"table spanning cell, table spanning cell, table spanning cell, table spanning cell"
22,PMC1464119_4_table0.jpg,PMC1464119_4.jpg,55,54,1,2,3,table row,"table row, table row"
1456,PMC6161345_4_table1.jpg,PMC6161345_4.jpg,27,24,0,3,3,,"table spanning cell, table spanning cell, table spanning cell"
135,PMC2679018_5_table0.jpg,PMC2679018_5.jpg,29,28,1,2,3,table spanning cell,"table spanning cell, table spanning cell"
668,PMC4419581_7_table0.jpg,PMC4419581_7.jpg,29,28,1,2,3,table column header,"table spanning cell, table spanning cell"
1482,PMC6196032_1_table0.jpg,PMC6196032_1.jpg,33,30,0,3,3,,"table spanning cell, table spanning cell, table spanning cell"
1382,PMC6059516_5_table0.jpg,PMC6059516_5.jpg,15,14,1,2,3,table column header,"table projected row header, table row"
682,PMC4440875_5_table0.jpg,PMC4440875_5.jpg,53,52,1,2,3,table row,"table row, table row"
1481,PMC6192622_14_table0.jpg,PMC6192622_14.jpg,16,15,1,2,3,table column header,"table row, table row"
867,PMC4693439_3_table0.jpg,PMC4693439_3.jpg,12,15,3,0,3,"table spanning cell, table spanning cell, table spanning cell",
393,PMC3312360_7_table1.jpg,PMC3312360_7.jpg,37,38,2,1,3,"table row, table spanning cell",table row
1034,PMC5016863_3_table0.jpg,PMC5016863_3.jpg,51,48,0,3,3,,"table spanning cell, table spanning cell, table spanning cell"
1058,PMC5055705_7_table0.jpg,PMC5055705_7.jpg,45,42,0,3,3,,"table spanning cell, table spanning cell, table row"
933,PMC4844983_3_table0.jpg,PMC4844983_3.jpg,32,29,0,3,3,,"table spanning cell, table spanning cell, table spanning cell"
1131,PMC5669424_9_table0.jpg,PMC5669424_9.jpg,21,22,2,1,3,"table spanning cell, table spanning cell",table row
395,PMC3317054_4_table0.jpg,PMC3317054_4.jpg,33,32,1,2,3,table spanning cell,"table spanning cell, table spanning cell"
422,PMC3403997_5_table0.jpg,PMC3403997_5.jpg,34,31,0,3,3,,"table spanning cell, table spanning cell, table spanning cell"
642,PMC4382339_8_table0.jpg,PMC4382339_8.jpg,20,21,2,1,3,"table spanning cell, table column header",table spanning cell
44,PMC1781078_2_table0.jpg,PMC1781078_2.jpg,15,14,1,2,3,table column,"table spanning cell, table spanning cell"
363,PMC3275450_2_table0.jpg,PMC3275450_2.jpg,24,23,1,2,3,table spanning cell,"table spanning cell, table spanning cell"
362,PMC3271032_3_table0.jpg,PMC3271032_3.jpg,39,42,3,0,3,"table spanning cell, table spanning cell, table spanning cell",
863,PMC4687080_6_table0.jpg,PMC4687080_6.jpg,63,64,2,1,3,"table row, table spanning cell",table row
1284,PMC5893656_2_table0.jpg,PMC5893656_2.jpg,37,34,0,3,3,,"table spanning cell, table spanning cell, table spanning cell"
1220,PMC5787029_3_table0.jpg,PMC5787029_3.jpg,12,15,3,0,3,"table row, table column, table row",
1149,PMC5694787_4_table0.jpg,PMC5694787_4.jpg,48,47,1,2,3,table spanning cell,"table spanning cell, table spanning cell"
251,PMC3048557_10_table0.jpg,PMC3048557_10.jpg,24,23,1,2,3,table spanning cell,"table spanning cell, table column header"
228,PMC2988728_9_table1.jpg,PMC2988728_9.jpg,18,17,1,2,3,table spanning cell,"table spanning cell, table spanning cell"
1151,PMC5696234_6_table0.jpg,PMC5696234_6.jpg,42,45,3,0,3,"table spanning cell, table spanning cell, table spanning cell",
244,PMC3033367_4_table0.jpg,PMC3033367_4.jpg,39,39,1,1,2,table spanning cell,table spanning cell
325,PMC3175177_5_table0.jpg,PMC3175177_5.jpg,28,30,2,0,2,"table column, table column",
227,PMC2988728_9_table0.jpg,PMC2988728_9.jpg,27,25,0,2,2,,"table spanning cell, table spanning cell"
259,PMC3061905_7_table0.jpg,PMC3061905_7.jpg,41,39,0,2,2,,"table spanning cell, table spanning cell"
1206,PMC5765664_2_table0.jpg,PMC5765664_2.jpg,45,43,0,2,2,,"table spanning cell, table spanning cell"
1320,PMC5964734_2_table0.jpg,PMC5964734_2.jpg,17,17,1,1,2,table column header,table row
287,PMC3108317_3_table0.jpg,PMC3108317_3.jpg,47,47,1,1,2,table row,table row
17,PMC1397868_5_table0.jpg,PMC1397868_5.jpg,22,20,0,2,2,,"table spanning cell, table spanning cell"
1278,PMC5880615_6_table0.jpg,PMC5880615_6.jpg,28,28,1,1,2,table spanning cell,table row
1314,PMC5956143_2_table0.jpg,PMC5956143_2.jpg,38,40,2,0,2,"table row, table projected row header",
1069,PMC5073825_4_table0.jpg,PMC5073825_4.jpg,19,17,0,2,2,,"table spanning cell, table column header"
952,PMC4869352_2_table0.jpg,PMC4869352_2.jpg,41,39,0,2,2,,"table spanning cell, table spanning cell"
978,PMC4902977_4_table0.jpg,PMC4902977_4.jpg,14,12,0,2,2,,"table spanning cell, table column header"
953,PMC4869821_6_table0.jpg,PMC4869821_6.jpg,42,40,0,2,2,,"table spanning cell, table spanning cell"
925,PMC4831755_5_table0.jpg,PMC4831755_5.jpg,35,33,0,2,2,,"table spanning cell, table spanning cell"
537,PMC3616013_1_table1.jpg,PMC3616013_1.jpg,32,32,1,1,2,table spanning cell,table spanning cell
603,PMC3695784_6_table0.jpg,PMC3695784_6.jpg,27,29,2,0,2,"table spanning cell, table spanning cell",
1433,PMC6127180_4_table0.jpg,PMC6127180_4.jpg,33,31,0,2,2,,"table spanning cell, table spanning cell"
1477,PMC6186130_5_table0.jpg,PMC6186130_5.jpg,40,38,0,2,2,,"table spanning cell, table spanning cell"
679,PMC4438454_8_table0.jpg,PMC4438454_8.jpg,38,40,2,0,2,"table spanning cell, table spanning cell",
759,PMC4540108_3_table0.jpg,PMC4540108_3.jpg,17,19,2,0,2,"table spanning cell, table spanning cell",
697,PMC4453219_7_table0.jpg,PMC4453219_7.jpg,26,28,2,0,2,"table spanning cell, table spanning cell",
1432,PMC6122641_3_table0.jpg,PMC6122641_3.jpg,39,39,1,1,2,table spanning cell,table spanning cell
94,PMC2292719_6_table0.jpg,PMC2292719_6.jpg,41,41,1,1,2,table projected row header,table row
57,PMC1871605_6_table0.jpg,PMC1871605_6.jpg,52,52,1,1,2,table spanning cell,table row
211,PMC2949605_8_table0.jpg,PMC2949605_8.jpg,27,27,1,1,2,table spanning cell,table spanning cell
214,PMC2955002_5_table0.jpg,PMC2955002_5.jpg,42,42,1,1,2,table spanning cell,table spanning cell
1465,PMC6177412_7_table0.jpg,PMC6177412_7.jpg,19,21,2,0,2,"table spanning cell, table spanning cell",
1480,PMC6192369_6_table1.jpg,PMC6192369_6.jpg,49,49,1,1,2,table spanning cell,table spanning cell
1470,PMC6182606_8_table0.jpg,PMC6182606_8.jpg,49,47,0,2,2,,"table spanning cell, table spanning cell"
745,PMC4515008_4_table0.jpg,PMC4515008_4.jpg,36,34,0,2,2,,"table spanning cell, table spanning cell"
25,PMC1484481_7_table0.jpg,PMC1484481_7.jpg,32,34,2,0,2,"table column header, table projected row header",
21,PMC1459861_3_table0.jpg,PMC1459861_3.jpg,60,60,1,1,2,table row,table row
234,PMC3014932_4_table0.jpg,PMC3014932_4.jpg,30,30,1,1,2,table column header,table row
1147,PMC5693913_8_table0.jpg,PMC5693913_8.jpg,16,18,2,0,2,"table row, table row",
1155,PMC5703559_8_table0.jpg,PMC5703559_8.jpg,41,41,1,1,2,table projected row header,table spanning cell
506,PMC3567116_3_table0.jpg,PMC3567116_3.jpg,31,29,0,2,2,,"table spanning cell, table spanning cell"
817,PMC4620605_3_table0.jpg,PMC4620605_3.jpg,39,39,1,1,2,table spanning cell,table spanning cell
504,PMC3566756_5_table0.jpg,PMC3566756_5.jpg,16,18,2,0,2,"table spanning cell, table column header",
384,PMC3297500_2_table0.jpg,PMC3297500_2.jpg,28,30,2,0,2,"table spanning cell, table column header",
857,PMC4676887_6_table1.jpg,PMC4676887_6.jpg,50,48,0,2,2,,"table spanning cell, table spanning cell"
1052,PMC5046941_3_table0.jpg,PMC5046941_3.jpg,17,15,0,2,2,,"table row, table row"
1000,PMC4950078_1_table0.jpg,PMC4950078_1.jpg,35,33,0,2,2,,"table spanning cell, table spanning cell"
1007,PMC4966969_7_table0.jpg,PMC4966969_7.jpg,18,20,2,0,2,"table spanning cell, table column header",
134,PMC2673582_4_table0.jpg,PMC2673582_4.jpg,33,34,1,0,1,table spanning cell,
133,PMC2669045_7_table0.jpg,PMC2669045_7.jpg,45,44,0,1,1,,table spanning cell
56,PMC1866490_2_table2.jpg,PMC1866490_2.jpg,13,14,1,0,1,table column header,
1375,PMC6044543_17_table0.jpg,PMC6044543_17.jpg,23,22,0,1,1,,table spanning cell
204,PMC2925332_4_table1.jpg,PMC2925332_4.jpg,21,22,1,0,1,table spanning cell,
1453,PMC6157818_5_table0.jpg,PMC6157818_5.jpg,38,39,1,0,1,table column header,
1429,PMC6120326_3_table0.jpg,PMC6120326_3.jpg,8,9,1,0,1,table column header,
182,PMC2874414_82_table0.jpg,PMC2874414_82.jpg,11,12,1,0,1,table column header,
1431,PMC6121193_2_table0.jpg,PMC6121193_2.jpg,23,22,0,1,1,,table column
1415,PMC6106764_7_table0.jpg,PMC6106764_7.jpg,20,21,1,0,1,table spanning cell,
1464,PMC6169928_4_table0.jpg,PMC6169928_4.jpg,7,8,1,0,1,table column header,
761,PMC4540266_1_table0.jpg,PMC4540266_1.jpg,21,20,0,1,1,,table column
723,PMC4488360_9_table0.jpg,PMC4488360_9.jpg,41,40,0,1,1,,table spanning cell
727,PMC4488870_5_table0.jpg,PMC4488870_5.jpg,34,35,1,0,1,table spanning cell,
732,PMC4497659_18_table0.jpg,PMC4497659_18.jpg,13,14,1,0,1,table spanning cell,
707,PMC4465015_5_table0.jpg,PMC4465015_5.jpg,16,15,0,1,1,,table spanning cell
641,PMC4377842_3_table0.jpg,PMC4377842_3.jpg,39,38,0,1,1,,table spanning cell
649,PMC4386948_8_table0.jpg,PMC4386948_8.jpg,29,28,0,1,1,,table row
660,PMC4401703_7_table0.jpg,PMC4401703_7.jpg,20,21,1,0,1,table projected row header,
627,PMC4362831_3_table0.jpg,PMC4362831_3.jpg,35,36,1,0,1,table spanning cell,
594,PMC3682996_2_table0.jpg,PMC3682996_2.jpg,40,39,0,1,1,,table row
563,PMC3649971_5_table2.jpg,PMC3649971_5.jpg,13,12,0,1,1,,table spanning cell
584,PMC3673936_1_table0.jpg,PMC3673936_1.jpg,28,29,1,0,1,table column header,
1406,PMC6090051_3_table0.jpg,PMC6090051_3.jpg,10,9,0,1,1,,table row
1024,PMC4993769_7_table0.jpg,PMC4993769_7.jpg,56,55,0,1,1,,table spanning cell
1030,PMC5006527_10_table0.jpg,PMC5006527_10.jpg,18,17,0,1,1,,table spanning cell
1081,PMC5093216_5_table0.jpg,PMC5093216_5.jpg,31,30,0,1,1,,table row
374,PMC3285588_5_table0.jpg,PMC3285588_5.jpg,37,38,1,0,1,table spanning cell,
822,PMC4625624_2_table0.jpg,PMC4625624_2.jpg,28,27,0,1,1,,table spanning cell
411,PMC3372429_4_table0.jpg,PMC3372429_4.jpg,24,25,1,0,1,table spanning cell,
406,PMC3351748_5_table0.jpg,PMC3351748_5.jpg,35,34,0,1,1,,table spanning cell
838,PMC4644568_2_table0.jpg,PMC4644568_2.jpg,30,29,0,1,1,,table spanning cell
852,PMC4669669_4_table0.jpg,PMC4669669_4.jpg,24,23,0,1,1,,table spanning cell
1044,PMC5031396_6_table0.jpg,PMC5031396_6.jpg,25,26,1,0,1,table column header,
1048,PMC5033323_6_table0.jpg,PMC5033323_6.jpg,11,12,1,0,1,table column header,
1017,PMC4987400_5_table1.jpg,PMC4987400_5.jpg,21,20,0,1,1,,table spanning cell
927,PMC4834593_6_table0.jpg,PMC4834593_6.jpg,23,22,0,1,1,,table spanning cell
908,PMC4798767_8_table0.jpg,PMC4798767_8.jpg,19,18,0,1,1,,table spanning cell
960,PMC4879323_2_table0.jpg,PMC4879323_2.jpg,28,29,1,0,1,table spanning cell,
453,PMC3462752_3_table0.jpg,PMC3462752_3.jpg,17,16,0,1,1,,table spanning cell
452,PMC3460757_5_table1.jpg,PMC3460757_5.jpg,41,42,1,0,1,table projected row header,
888,PMC4739655_7_table0.jpg,PMC4739655_7.jpg,54,53,0,1,1,,table row
903,PMC4790856_10_table0.jpg,PMC4790856_10.jpg,39,38,0,1,1,,table column
1094,PMC5106624_1_table0.jpg,PMC5106624_1.jpg,16,17,1,0,1,table column,
1125,PMC5664435_4_table0.jpg,PMC5664435_4.jpg,34,35,1,0,1,table spanning cell,
1054,PMC5048471_6_table0.jpg,PMC5048471_6.jpg,45,46,1,0,1,table spanning cell,
351,PMC3231291_13_table0.jpg,PMC3231291_13.jpg,18,17,0,1,1,,table row
298,PMC3127836_1_table0.jpg,PMC3127836_1.jpg,20,19,0,1,1,,table spanning cell
314,PMC3160379_4_table0.jpg,PMC3160379_4.jpg,42,41,0,1,1,,table spanning cell
335,PMC3197501_10_table0.jpg,PMC3197501_10.jpg,32,31,0,1,1,,table row
333,PMC3187823_3_table0.jpg,PMC3187823_3.jpg,19,18,0,1,1,,table spanning cell
264,PMC3068077_5_table0.jpg,PMC3068077_5.jpg,38,37,0,1,1,,table spanning cell
279,PMC3101160_4_table0.jpg,PMC3101160_4.jpg,25,26,1,0,1,table spanning cell,
232,PMC2998456_3_table2.jpg,PMC2998456_3.jpg,9,10,1,0,1,table spanning cell,
252,PMC3050919_4_table0.jpg,PMC3050919_4.jpg,22,23,1,0,1,table projected row header,
1214,PMC5773195_5_table0.jpg,PMC5773195_5.jpg,16,15,0,1,1,,table spanning cell
230,PMC2998456_3_table0.jpg,PMC2998456_3.jpg,32,33,1,0,1,table spanning cell,
255,PMC3055828_4_table0.jpg,PMC3055828_4.jpg,42,41,0,1,1,,table row
289,PMC3117795_4_table0.jpg,PMC3117795_4.jpg,31,30,0,1,1,,table spanning cell
1215,PMC5773553_7_table0.jpg,PMC5773553_7.jpg,55,54,0,1,1,,table row
1291,PMC5904562_7_table0.jpg,PMC5904562_7.jpg,23,22,0,1,1,,table row
1288,PMC5898012_4_table0.jpg,PMC5898012_4.jpg,49,48,0,1,1,,table spanning cell
1216,PMC5774771_7_table0.jpg,PMC5774771_7.jpg,35,36,1,0,1,table column header,
1221,PMC5788219_1_table0.jpg,PMC5788219_1.jpg,7,8,1,0,1,table column header,
1238,PMC5813507_2_table0.jpg,PMC5813507_2.jpg,18,17,0,1,1,,table spanning cell
1240,PMC5814012_12_table0.jpg,PMC5814012_12.jpg,52,51,0,1,1,,table row
1275,PMC5875850_3_table0.jpg,PMC5875850_3.jpg,31,32,1,0,1,table row,
1299,PMC5922530_6_table1.jpg,PMC5922530_6.jpg,12,13,1,0,1,table column header,
1359,PMC6019787_4_table0.jpg,PMC6019787_4.jpg,21,22,1,0,1,table spanning cell,
1316,PMC5956533_6_table0.jpg,PMC5956533_6.jpg,13,14,1,0,1,table spanning cell,
1330,PMC5975712_9_table0.jpg,PMC5975712_9.jpg,41,40,0,1,1,,table row
1371,PMC6040747_3_table0.jpg,PMC6040747_3.jpg,48,49,1,0,1,table projected row header,
11,PMC1242256_5_table0.jpg,PMC1242256_5.jpg,17,18,1,0,1,table spanning cell,
6,PMC1156947_3_table1.jpg,PMC1156947_3.jpg,18,19,1,0,1,table projected row header,
0,PMC1064076_6_table0.jpg,PMC1064076_6.jpg,62,61,0,1,1,,table row
